species_strain,name,Saprophyte,Biotroph,Hemibiotroph,Necrotroph,Endophyte,Symbiont,Commensal,Hyaline Appressorium ,Melanized Appressorium ,No appressorium,compound appressorium ,Comment,Pmk1 pathogenicity,version,tag,source,path,path2
magnaporthe_oryzae,M.oryzae,FALSE,FALSE,TRUE,FALSE,FALSE,FALSE,FALSE,FALSE,TRUE,FALSE,FALSE,None,TRUE,MG8,Mo8,https://ftp.ebi.ac.uk/ensemblgenomes/pub/release-56/fungi/fasta/magnaporthe_oryzae/pep/Magnaporthe_oryzae.MG8.pep.all.fa.gz,/tsl/scratch/macleand/phos_cons/proteomes/Magnaporthe_oryzae.MG8.pep.all.fa,/tsl/scratch/macleand/phos_cons/proteomes/Mo8.fa
alternaria_alternata,A.alternata,FALSE,FALSE,FALSE,TRUE,FALSE,FALSE,FALSE,TRUE,FALSE,FALSE,FALSE,None,TRUE,Altal1,Aa1,https://ftp.ensemblgenomes.ebi.ac.uk/pub/fungi/release-56/fasta/fungi_ascomycota3_collection/alternaria_alternata_gca_001642055/pep/Alternaria_alternata_gca_001642055.Altal1.pep.all.fa.gz,/tsl/scratch/macleand/phos_cons/proteomes/Alternaria_alternata_gca_001642055.Altal1.pep.all.fa,/tsl/scratch/macleand/phos_cons/proteomes/Aa1.fa
colletotrichum_fructicola,C.fructicola,FALSE,FALSE,TRUE,FALSE,FALSE,FALSE,FALSE,FALSE,TRUE,FALSE,FALSE,None,TRUE,ASM977102v1,Cf977102,https://ftp.ensemblgenomes.ebi.ac.uk/pub/fungi/release-56/fasta/fungi_ascomycota4_collection/colletotrichum_fructicola_gca_009771025/pep/Colletotrichum_fructicola_gca_009771025.ASM977102v1.pep.all.fa.gz,/tsl/scratch/macleand/phos_cons/proteomes/Colletotrichum_fructicola_gca_009771025.ASM977102v1.pep.all.fa,/tsl/scratch/macleand/phos_cons/proteomes/Cf977102.fa
colletotrichum_gloeosporioides,C.gloeosporioides,FALSE,FALSE,TRUE,FALSE,FALSE,FALSE,FALSE,FALSE,TRUE,FALSE,FALSE,None,TRUE,GCA_000319635.1,Cg319635,https://ftp.ensemblgenomes.ebi.ac.uk/pub/fungi/release-56/fasta/colletotrichum_gloeosporioides/pep/Colletotrichum_gloeosporioides.GCA_000319635.1.pep.all.fa.gz,/tsl/scratch/macleand/phos_cons/proteomes/Colletotrichum_gloeosporioides.GCA_000319635.1.pep.all.fa,/tsl/scratch/macleand/phos_cons/proteomes/Cg319635.fa
colletotrichum_higginsianum,C.higginsianum,FALSE,FALSE,TRUE,FALSE,FALSE,FALSE,FALSE,FALSE,TRUE,FALSE,FALSE,None,TRUE,GCA_000313795.2,Ch313795,https://ftp.ensemblgenomes.ebi.ac.uk/pub/fungi/release-56/fasta/colletotrichum_higginsianum/pep/Colletotrichum_higginsianum.GCA_000313795.2.pep.all.fa.gz,/tsl/scratch/macleand/phos_cons/proteomes/Colletotrichum_higginsianum.GCA_000313795.2.pep.all.fa,/tsl/scratch/macleand/phos_cons/proteomes/Ch313795.fa
blumeria_graminis,B.graminis,FALSE,TRUE,FALSE,FALSE,FALSE,FALSE,FALSE,TRUE,FALSE,FALSE,FALSE,None,TRUE,EF2,Bg2,https://ftp.ensemblgenomes.ebi.ac.uk/pub/fungi/release-56/fasta/blumeria_graminis/pep/Blumeria_graminis.EF2.pep.all.fa.gz,/tsl/scratch/macleand/phos_cons/proteomes/Blumeria_graminis.EF2.pep.all.fa,/tsl/scratch/macleand/phos_cons/proteomes/Bg2.fa
puccinia_graminis,P.graminis,FALSE,TRUE,FALSE,FALSE,FALSE,FALSE,FALSE,FALSE,FALSE,FALSE,TRUE,None,FALSE,ASM14992v1,PG14992,https://ftp.ensemblgenomes.ebi.ac.uk/pub/fungi/release-56/fasta/puccinia_graminis/pep/Puccinia_graminis.ASM14992v1.pep.all.fa.gz,/tsl/scratch/macleand/phos_cons/proteomes/Puccinia_graminis.ASM14992v1.pep.all.fa,/tsl/scratch/macleand/phos_cons/proteomes/PG14992.fa
ustilago_maydis,U.maydis,FALSE,TRUE,FALSE,FALSE,FALSE,FALSE,FALSE,TRUE,FALSE,FALSE,FALSE,None,TRUE,Umaydis521_2.0,Um521,https://ftp.ensemblgenomes.ebi.ac.uk/pub/fungi/release-56/fasta/ustilago_maydis/pep/Ustilago_maydis.Umaydis521_2.0.pep.all.fa.gz,/tsl/scratch/macleand/phos_cons/proteomes/Ustilago_maydis.Umaydis521_2.0.pep.all.fa,/tsl/scratch/macleand/phos_cons/proteomes/Um521.fa
phakopsora_pachyrhizi,P.pachyrhizi,FALSE,TRUE,FALSE,FALSE,FALSE,FALSE,FALSE,TRUE,FALSE,FALSE,FALSE,None,FALSE,PpacPPUFV02,Pp1,https://genome.jgi.doe.gov/portal/PpacPPUFV02/download/PpacPPUFV02_GeneCatalog_proteins_20210128.aa.fasta.gz,/tsl/scratch/macleand/phos_cons/proteomes/PpacPPUFV02_GeneCatalog_proteins_20210128.aa.fasta,/tsl/scratch/macleand/phos_cons/proteomes/Pp1.fa
bipolaris_oryzae,B.oryzae,FALSE,FALSE,TRUE,FALSE,FALSE,FALSE,FALSE,TRUE,FALSE,FALSE,FALSE,None,TRUE,Cochliobolus_miyabeanus_v1,Bo1,https://ftp.ensemblgenomes.ebi.ac.uk/pub/fungi/release-56/fasta/fungi_ascomycota1_collection/bipolaris_oryzae_atcc_44560_gca_000523455/pep/Bipolaris_oryzae_atcc_44560_gca_000523455.Cochliobolus_miyabeanus_v1.0.pep.all.fa.gz,/tsl/scratch/macleand/phos_cons/proteomes/Bipolaris_oryzae_atcc_44560_gca_000523455.Cochliobolus_miyabeanus_v1.0.pep.all.fa,/tsl/scratch/macleand/phos_cons/proteomes/Bo1.fa
bipolaris_sorokiniana,B.sorokiniana,FALSE,FALSE,TRUE,FALSE,FALSE,FALSE,FALSE,TRUE,FALSE,FALSE,FALSE,None,TRUE,Cocsa1,Bs1,https://ftp.ensemblgenomes.ebi.ac.uk/pub/fungi/release-56/fasta/fungi_ascomycota1_collection/bipolaris_sorokiniana_nd90pr_gca_000338995/pep/Bipolaris_sorokiniana_nd90pr_gca_000338995.Cocsa1.pep.all.fa.gz,/tsl/scratch/macleand/phos_cons/proteomes/Bipolaris_sorokiniana_nd90pr_gca_000338995.Cocsa1.pep.all.fa,/tsl/scratch/macleand/phos_cons/proteomes/Bs1.fa
botrytis_cinerea,B.cinerea,FALSE,FALSE,FALSE,TRUE,FALSE,FALSE,FALSE,TRUE,FALSE,FALSE,FALSE,None,TRUE,ASM83294v1,Bc83294,https://ftp.ensemblgenomes.ebi.ac.uk/pub/fungi/release-56/fasta/botrytis_cinerea/pep/Botrytis_cinerea.ASM83294v1.pep.all.fa.gz,/tsl/scratch/macleand/phos_cons/proteomes/Botrytis_cinerea.ASM83294v1.pep.all.fa,/tsl/scratch/macleand/phos_cons/proteomes/Bc83294.fa
cochliobolus_heterostrophus,C.heterostrophus,FALSE,FALSE,FALSE,TRUE,FALSE,FALSE,FALSE,TRUE,FALSE,FALSE,FALSE,None,TRUE,CocheC5_3,ChC53,https://genome.jgi.doe.gov/portal/CocheC5_3/download/CocheC5_1_GeneModels_FilteredModels1_aa.fasta.gz,/tsl/scratch/macleand/phos_cons/proteomes/CocheC5_1_GeneModels_FilteredModels1_aa.fasta,/tsl/scratch/macleand/phos_cons/proteomes/ChC53.fa
puccinia_striiformis,P.striiformis,FALSE,TRUE,FALSE,FALSE,FALSE,FALSE,FALSE,FALSE,FALSE,FALSE,TRUE,None,TRUE,PST-130_1.0,Ps130,https://ftp.ensemblgenomes.ebi.ac.uk/pub/fungi/release-56/fasta/puccinia_striiformis/pep/Puccinia_striiformis.PST-130_1.0.pep.all.fa.gz,/tsl/scratch/macleand/phos_cons/proteomes/Puccinia_striiformis.PST-130_1.0.pep.all.fa,/tsl/scratch/macleand/phos_cons/proteomes/Ps130.fa
saccharomyces_cerevisiae,S.cerevisiae,TRUE,FALSE,FALSE,FALSE,FALSE,FALSE,FALSE,FALSE,FALSE,TRUE,FALSE,None,FALSE,ScR64-1-1,Sc64,https://ftp.ebi.ac.uk/ensemblgenomes/pub/release-56/fungi/fasta/saccharomyces_cerevisiae/pep/Saccharomyces_cerevisiae.R64-1-1.pep.all.fa.gz,/tsl/scratch/macleand/phos_cons/proteomes/Saccharomyces_cerevisiae.R64-1-1.pep.all.fa,/tsl/scratch/macleand/phos_cons/proteomes/Sc64.fa
fusarium_oxysporum_fo5176,F.oxysporum-5176,FALSE,FALSE,TRUE,FALSE,FALSE,FALSE,FALSE,TRUE,FALSE,FALSE,FALSE,None,TRUE,GCA_000222805.1,Fo5176,https://ftp.uniprot.org/pub/databases/uniprot/current_release/knowledgebase/reference_proteomes/Eukaryota/UP000002489/UP000002489_660025.fasta.gz,/tsl/scratch/macleand/phos_cons/proteomes/UP000002489_660025.fasta,/tsl/scratch/macleand/phos_cons/proteomes/Fo5176.fa
aspergillus_nidulans,A.nidulans,TRUE,FALSE,FALSE,FALSE,FALSE,FALSE,FALSE,FALSE,FALSE,TRUE,FALSE,None,FALSE,ASM1142v1,An1142,https://ftp.ensemblgenomes.ebi.ac.uk/pub/fungi/release-56/fasta/aspergillus_nidulans/pep/Aspergillus_nidulans.ASM1142v1.pep.all.fa.gz,/tsl/scratch/macleand/phos_cons/proteomes/Aspergillus_nidulans.ASM1142v1.pep.all.fa,/tsl/scratch/macleand/phos_cons/proteomes/An1142.fa
schizosaccharomyces_pombe,S.pombe,TRUE,FALSE,FALSE,FALSE,FALSE,FALSE,FALSE,FALSE,FALSE,TRUE,FALSE,None,FALSE,ASM294v2,Sp294,https://ftp.ensemblgenomes.ebi.ac.uk/pub/fungi/release-56/fasta/schizosaccharomyces_pombe/pep/Schizosaccharomyces_pombe.ASM294v2.pep.all.fa.gz,/tsl/scratch/macleand/phos_cons/proteomes/Schizosaccharomyces_pombe.ASM294v2.pep.all.fa,/tsl/scratch/macleand/phos_cons/proteomes/Sp294.fa
neurospora_crassa,N.crassa,TRUE,FALSE,FALSE,FALSE,FALSE,FALSE,FALSE,FALSE,FALSE,TRUE,FALSE,None,FALSE,NC12,Nc12,https://ftp.ensemblgenomes.ebi.ac.uk/pub/fungi/release-56/fasta/neurospora_crassa/pep/Neurospora_crassa.NC12.pep.all.fa.gz,/tsl/scratch/macleand/phos_cons/proteomes/Neurospora_crassa.NC12.pep.all.fa,/tsl/scratch/macleand/phos_cons/proteomes/Nc12.fa
candida_albicans,C.albicans,FALSE,FALSE,FALSE,FALSE,FALSE,FALSE,TRUE,FALSE,FALSE,TRUE,FALSE,Human pathogen,FALSE,SC5314 v22,Ca22,http://candidagenome.org/download/sequence/C_albicans_SC5314/Assembly22/current/C_albicans_SC5314_version_A22-s07-m01-r182_default_protein.fasta.gz,/tsl/scratch/macleand/phos_cons/proteomes/C_albicans_SC5314_version_A22-s07-m01-r182_default_protein.fasta,/tsl/scratch/macleand/phos_cons/proteomes/Ca22.fa
aspergillus_fumigatus,A.fumigatus,TRUE,FALSE,FALSE,FALSE,FALSE,FALSE,FALSE,FALSE,FALSE,TRUE,FALSE,Human pathogen,FALSE,ASM265v1,Af265,https://ftp.ensemblgenomes.ebi.ac.uk/pub/fungi/release-56/fasta/aspergillus_fumigatus/pep/Aspergillus_fumigatus.ASM265v1.pep.all.fa.gz,/tsl/scratch/macleand/phos_cons/proteomes/Aspergillus_fumigatus.ASM265v1.pep.all.fa,/tsl/scratch/macleand/phos_cons/proteomes/Af265.fa
cryptococcus_neoformans,C.neoformans,TRUE,FALSE,FALSE,FALSE,FALSE,FALSE,FALSE,FALSE,FALSE,TRUE,FALSE,Human pathogen,FALSE,ASM9104v1,Cn9104,https://ftp.ensemblgenomes.ebi.ac.uk/pub/fungi/release-56/fasta/cryptococcus_neoformans/pep/Cryptococcus_neoformans.ASM9104v1.pep.all.fa.gz,/tsl/scratch/macleand/phos_cons/proteomes/Cryptococcus_neoformans.ASM9104v1.pep.all.fa,/tsl/scratch/macleand/phos_cons/proteomes/Cn9104.fa
histoplasma_capsulatum,H.capsulatum,TRUE,FALSE,FALSE,FALSE,FALSE,FALSE,FALSE,FALSE,FALSE,TRUE,FALSE,Human pathogen,FALSE,GCA000170615v1,Hc170615,https://ftp.ensemblgenomes.ebi.ac.uk/pub/fungi/release-56/fasta/histoplasma_capsulatum/pep/Histoplasma_capsulatum.GCA000170615v1.pep.all.fa.gz,/tsl/scratch/macleand/phos_cons/proteomes/Histoplasma_capsulatum.GCA000170615v1.pep.all.fa,/tsl/scratch/macleand/phos_cons/proteomes/Hc170615.fa
fusarium_oxysporum,F.oxysporum-2,FALSE,FALSE,TRUE,FALSE,FALSE,FALSE,FALSE,TRUE,FALSE,FALSE,FALSE,None,TRUE,FO2,Fo2,https://ftp.ensemblgenomes.ebi.ac.uk/pub/fungi/release-56/fasta/fusarium_oxysporum/pep/Fusarium_oxysporum.FO2.pep.all.fa.gz,/tsl/scratch/macleand/phos_cons/proteomes/Fusarium_oxysporum.FO2.pep.all.fa,/tsl/scratch/macleand/phos_cons/proteomes/Fo2.fa
claviceps_purpurea,C.purpurea,FALSE,TRUE,FALSE,FALSE,FALSE,FALSE,FALSE,FALSE,FALSE,TRUE,FALSE,None,TRUE,ASM34735v1,Cp34735,https://ftp.ensemblgenomes.ebi.ac.uk/pub/fungi/release-56/fasta/fungi_ascomycota1_collection/claviceps_purpurea_20_1_gca_000347355/pep/Claviceps_purpurea_20_1_gca_000347355.ASM34735v1.pep.all.fa.gz,/tsl/scratch/macleand/phos_cons/proteomes/Claviceps_purpurea_20_1_gca_000347355.ASM34735v1.pep.all.fa,/tsl/scratch/macleand/phos_cons/proteomes/Cp34735.fa
alternaria_brassicicola,A.brassicicola,FALSE,FALSE,FALSE,TRUE,FALSE,FALSE,FALSE,TRUE,FALSE,FALSE,FALSE,None,TRUE,Albra1,Ab1,https://genome.jgi.doe.gov/portal/Altbr1/download/Alternaria_brassicicola_proteins.fasta.gz,/tsl/scratch/macleand/phos_cons/proteomes/Alternaria_brassicicola_proteins.fasta,/tsl/scratch/macleand/phos_cons/proteomes/Ab1.fa
aspergillus_flavus,A.flavus,TRUE,FALSE,FALSE,FALSE,FALSE,FALSE,FALSE,FALSE,FALSE,TRUE,FALSE,None,TRUE,Aspfl2_3,Af23,https://genome.jgi.doe.gov/portal/Aspfl2_3/download/Aspfl2_3_GeneCatalog_proteins_20200207.aa.fasta.gz,/tsl/scratch/macleand/phos_cons/proteomes/Aspfl2_3_GeneCatalog_proteins_20200207.aa.fasta,/tsl/scratch/macleand/phos_cons/proteomes/Af23.fa
cytospora_chrysosperma,C.chrysosperma,FALSE,FALSE,FALSE,TRUE,FALSE,FALSE,FALSE,FALSE,FALSE,TRUE,FALSE,None,TRUE,Cytch1,Cc1,https://genome.jgi.doe.gov/portal/Cytch1/download/Cytch1_GeneCatalog_proteins_20171014.aa.fasta.gz,/tsl/scratch/macleand/phos_cons/proteomes/Cytch1_GeneCatalog_proteins_20171014.aa.fasta,/tsl/scratch/macleand/phos_cons/proteomes/Cc1.fa
fusarium_graminearum,F.graminearum,FALSE,FALSE,TRUE,FALSE,FALSE,FALSE,FALSE,FALSE,FALSE,FALSE,TRUE,None,TRUE,RR1,Fg1,https://ftp.ensemblgenomes.ebi.ac.uk/pub/fungi/release-56/fasta/fusarium_graminearum/pep/Fusarium_graminearum.RR1.pep.all.fa.gz,/tsl/scratch/macleand/phos_cons/proteomes/Fusarium_graminearum.RR1.pep.all.fa,/tsl/scratch/macleand/phos_cons/proteomes/Fg1.fa
fusarium_verticillioides,F.verticillioides,FALSE,FALSE,TRUE,FALSE,FALSE,FALSE,FALSE,TRUE,FALSE,FALSE,FALSE,None,TRUE,ASM331697v2,Fv331697,https://ftp.ensemblgenomes.ebi.ac.uk/pub/fungi/release-56/fasta/fungi_ascomycota5_collection/fusarium_verticillioides_gca_003316975/pep/Fusarium_verticillioides_gca_003316975.ASM331697v2.pep.all.fa.gz,/tsl/scratch/macleand/phos_cons/proteomes/Fusarium_verticillioides_gca_003316975.ASM331697v2.pep.all.fa,/tsl/scratch/macleand/phos_cons/proteomes/Fv331697.fa
zymoseptoria_tritici,Z.tritici,FALSE,FALSE,TRUE,FALSE,FALSE,FALSE,FALSE,FALSE,FALSE,TRUE,FALSE,None,TRUE,MG2,Mg2,https://ftp.ensemblgenomes.ebi.ac.uk/pub/fungi/release-56/fasta/zymoseptoria_tritici/pep/Zymoseptoria_tritici.MG2.pep.all.fa.gz,/tsl/scratch/macleand/phos_cons/proteomes/Zymoseptoria_tritici.MG2.pep.all.fa,/tsl/scratch/macleand/phos_cons/proteomes/Mg2.fa
penicillium_oxalicum,P.oxalicum,TRUE,FALSE,FALSE,FALSE,FALSE,FALSE,FALSE,FALSE,FALSE,TRUE,FALSE,None,TRUE,pde_v1.0,Po1,https://ftp.ensemblgenomes.ebi.ac.uk/pub/fungi/release-56/fasta/fungi_ascomycota1_collection/penicillium_oxalicum_114_2_gca_000346795/pep/Penicillium_oxalicum_114_2_gca_000346795.pde_v1.0.pep.all.fa.gz,/tsl/scratch/macleand/phos_cons/proteomes/Penicillium_oxalicum_114_2_gca_000346795.pde_v1.0.pep.all.fa,/tsl/scratch/macleand/phos_cons/proteomes/Po1.fa
pyrenophora_teres,P.teres,FALSE,FALSE,FALSE,TRUE,FALSE,FALSE,FALSE,FALSE,FALSE,TRUE,FALSE,None,TRUE,ASM972866v1,Pt972866,https://ftp.ensemblgenomes.ebi.ac.uk/pub/fungi/release-56/fasta/fungi_ascomycota4_collection/pyrenophora_teres_f_teres_gca_009728665/pep/Pyrenophora_teres_f_teres_gca_009728665.ASM972866v1.pep.all.fa.gz,/tsl/scratch/macleand/phos_cons/proteomes/Pyrenophora_teres_f_teres_gca_009728665.ASM972866v1.pep.all.fa,/tsl/scratch/macleand/phos_cons/proteomes/Pt972866.fa
sclerotinia_sclerotiorum,S.sclerotiorum,FALSE,FALSE,FALSE,TRUE,FALSE,FALSE,FALSE,FALSE,FALSE,FALSE,TRUE,None,TRUE,ASM185786v1,Ss185786,https://ftp.ensemblgenomes.ebi.ac.uk/pub/fungi/release-56/fasta/fungi_ascomycota3_collection/sclerotinia_sclerotiorum_1980_uf_70_gca_001857865/pep/Sclerotinia_sclerotiorum_1980_uf_70_gca_001857865.ASM185786v1.pep.all.fa.gz,/tsl/scratch/macleand/phos_cons/proteomes/Sclerotinia_sclerotiorum_1980_uf_70_gca_001857865.ASM185786v1.pep.all.fa,/tsl/scratch/macleand/phos_cons/proteomes/Ss185786.fa
setosphaeria_turcica,S.turcica,FALSE,FALSE,TRUE,FALSE,FALSE,FALSE,FALSE,FALSE,FALSE,TRUE,FALSE,None,TRUE,Settu3,St3,https://genome.jgi.doe.gov/portal/Settu3/download/Settu3_GeneCatalog_proteins_20170818.aa.fasta.gz,/tsl/scratch/macleand/phos_cons/proteomes/Settu3_GeneCatalog_proteins_20170818.aa.fasta,/tsl/scratch/macleand/phos_cons/proteomes/St3.fa
stagonospora_nodorum,S.nodorum,FALSE,FALSE,FALSE,TRUE,FALSE,FALSE,FALSE,FALSE,FALSE,TRUE,FALSE,None,TRUE,Stano2,Sn2,https://genome.jgi.doe.gov/portal/Stano2/download/Stano2_GeneCatalog_proteins_20110506.aa.fasta.gz,/tsl/scratch/macleand/phos_cons/proteomes/Stano2_GeneCatalog_proteins_20110506.aa.fasta,/tsl/scratch/macleand/phos_cons/proteomes/Sn2.fa
ustilaginoidea_virens,U.virens,FALSE,TRUE,FALSE,FALSE,FALSE,FALSE,FALSE,FALSE,FALSE,TRUE,FALSE,None,TRUE,ASM96522v2,Uv96522,https://ftp.ensemblgenomes.ebi.ac.uk/pub/fungi/release-56/fasta/fungi_ascomycota3_collection/ustilaginoidea_virens_gca_000965225/pep/Ustilaginoidea_virens_gca_000965225.ASM96522v2.pep.all.fa.gz,/tsl/scratch/macleand/phos_cons/proteomes/Ustilaginoidea_virens_gca_000965225.ASM96522v2.pep.all.fa,/tsl/scratch/macleand/phos_cons/proteomes/Uv96522.fa
valsa_mali,V.mali,FALSE,FALSE,FALSE,TRUE,FALSE,FALSE,FALSE,FALSE,FALSE,TRUE,FALSE,None,TRUE,ASM81815v1,Vm81815,https://ftp.ensemblgenomes.ebi.ac.uk/pub/fungi/release-56/fasta/fungi_ascomycota3_collection/valsa_mali_gca_000818155/pep/Valsa_mali_gca_000818155.ASM81815v1.pep.all.fa.gz,/tsl/scratch/macleand/phos_cons/proteomes/Valsa_mali_gca_000818155.ASM81815v1.pep.all.fa,/tsl/scratch/macleand/phos_cons/proteomes/Vm81815.fa
verticillium_dahliae,V.dahliae,FALSE,FALSE,TRUE,FALSE,FALSE,FALSE,FALSE,FALSE,FALSE,TRUE,FALSE,None,TRUE,VDAG_JR2v.4.0,Vd2,https://ftp.ensemblgenomes.ebi.ac.uk/pub/fungi/release-56/fasta/verticillium_dahliaejr2/pep/Verticillium_dahliaejr2.VDAG_JR2v.4.0.pep.all.fa.gz,/tsl/scratch/macleand/phos_cons/proteomes/Verticillium_dahliaejr2.VDAG_JR2v.4.0.pep.all.fa,/tsl/scratch/macleand/phos_cons/proteomes/Vd2.fa
piriformospora_indica,P.indica,FALSE,FALSE,FALSE,FALSE,TRUE,FALSE,FALSE,FALSE,FALSE,TRUE,FALSE,None,FALSE,Pirin1,Pi1,https://genome.jgi.doe.gov/portal/Pirin1/download/Pirin1_GeneCatalog_proteins_20111203.aa.fasta.gz,/tsl/scratch/macleand/phos_cons/proteomes/Pirin1_GeneCatalog_proteins_20111203.aa.fasta,/tsl/scratch/macleand/phos_cons/proteomes/Pi1.fa
rhizophagus_irregularis,R.irregularis,FALSE,FALSE,FALSE,FALSE,FALSE,TRUE,FALSE,FALSE,FALSE,TRUE,FALSE,None,FALSE,ASM43914v3,Ri4391,https://ftp.ensemblgenomes.ebi.ac.uk/pub/fungi/release-56/fasta/fungi_mucoromycota1_collection/rhizophagus_irregularis_daom_181602_gca_000439145/pep/Rhizophagus_irregularis_daom_181602_gca_000439145.ASM43914v3.pep.all.fa.gz,/tsl/scratch/macleand/phos_cons/proteomes/Rhizophagus_irregularis_daom_181602_gca_000439145.ASM43914v3.pep.all.fa,/tsl/scratch/macleand/phos_cons/proteomes/Ri4391.fa
fusarium_oxysporum,F.oxysporum-C.alt,FALSE,FALSE,TRUE,FALSE,FALSE,FALSE,FALSE,TRUE,FALSE,FALSE,FALSE,None,TRUE,FCALT_unknown,FoCalt,Direct from Aileen,/tsl/scratch/macleand/phos_cons/proteomes/FoCalt.fa,